{"assets/3adra.jpg":["assets/3adra.jpg"],"assets/3ansara.jpg":["assets/3ansara.jpg"],"packages/cupertino_icons/assets/CupertinoIcons.ttf":["packages/cupertino_icons/assets/CupertinoIcons.ttf"],"assets/a7ad_sha3aneen.jpg":["assets/a7ad_sha3aneen.jpg"],"assets/abokalipses.jpg":["assets/abokalipses.jpg"],"assets/baramonGhotac.jpg":["assets/baramonGhotac.jpg"],"assets/baramonMylad.jpg":["assets/baramonMylad.jpg"],"assets/basyly.jpg":["assets/basyly.jpg"],"assets/beshara.jpg":["assets/beshara.jpg"],"fonts/coptic.ttf":["fonts/coptic.ttf"],"assets/ghotac.jpg":["assets/ghotac.jpg"],"assets/gom3a.jpg":["assets/gom3a.jpg"],"assets/gregory.jpg":["assets/gregory.jpg"],"assets/hi.txt":["assets/hi.txt"],"assets/holy_week.jpg":["assets/holy_week.jpg"],"assets/kana.jpg":["assets/kana.jpg"],"assets/kbeer.jpg":["assets/kbeer.jpg"],"assets/khamees_3ahd.jpg":["assets/khamees_3ahd.jpg"],"assets/kirollos.jpg":["assets/kirollos.jpg"],"assets/koddas.jpg":["assets/koddas.jpg"],"assets/kyahk.jpg":["assets/kyahk.jpg"],"assets/m.png":["assets/m.png"],"assets/mylad.jpg":["assets/mylad.jpg"],"assets/nayrooz.jpg":["assets/nayrooz.jpg"],"assets/qyama.jpg":["assets/qyama.jpg"],"assets/rosol.jpg":["assets/rosol.jpg"],"assets/sabtfara7.jpg":["assets/sabtfara7.jpg"],"assets/sabtle3azar.jpg":["assets/sabtle3azar.jpg"],"assets/saleeb.jpg":["assets/saleeb.jpg"],"assets/so3od.jpg":["assets/so3od.jpg"],"assets/stefanos.jpg":["assets/stefanos.jpg"],"assets/tagally.jpg":["assets/tagally.jpg"],"assets/tasbe7a.jpg":["assets/tasbe7a.jpg"],"packages/fluttertoast/assets/toastify.css":["packages/fluttertoast/assets/toastify.css"],"packages/fluttertoast/assets/toastify.js":["packages/fluttertoast/assets/toastify.js"],"assets/yohanna.jpg":["assets/yohanna.jpg"],"assets/yonan.jpg":["assets/yonan.jpg"]}